Epoch,lr,lambda_vq,train,val,recon,vq,skipped
1,9.95462e-05,0.015,0.018648493103682995,0.019976984709501266,0.019697651267051697,0.01862218603491783,0
2,9.95462e-05,0.03,0.018753401935100555,0.020231178030371666,0.01967887580394745,0.01841004751622677,0
3,9.95462e-05,0.045,0.01879057288169861,0.02049141377210617,0.019672710448503494,0.018193388357758522,0
4,9.95462e-05,0.06,0.019185536541044712,0.020756032317876816,0.019677739590406418,0.01797156222164631,0
5,9.95462e-05,0.075,0.019485848024487495,0.02102135308086872,0.019690198823809624,0.017748717218637466,0
6,9.95462e-05,0.09,0.01969281118363142,0.021283619105815887,0.019706280902028084,0.017525983974337578,0
7,4.97731e-05,0.10500000000000001,0.019974393770098686,0.021539537236094475,0.019722621887922287,0.017303958535194397,0
8,4.97731e-05,0.12,0.020102793350815773,0.02179165929555893,0.019728604704141617,0.01719212345778942,0
9,4.97731e-05,0.13499999999999998,0.020177071914076805,0.02203788422048092,0.019732538610696793,0.017076630145311356,0
10,4.97731e-05,0.15,0.020651387982070446,0.022276384755969048,0.01973285712301731,0.01695685274899006,0
11,4.97731e-05,0.15,0.020572741515934467,0.02225690335035324,0.01973148062825203,0.016836144030094147,0
12,4.97731e-05,0.15,0.02054434083402157,0.022235838696360588,0.019728228449821472,0.016717400401830673,0
13,2.488655e-05,0.15,0.02074551023542881,0.022214999422430992,0.019724613055586815,0.016602572053670883,0
14,2.488655e-05,0.15,0.020576510578393936,0.022203609347343445,0.019721420481801033,0.016547927632927895,0
15,2.488655e-05,0.15,0.020457008853554726,0.02219228819012642,0.019717993214726448,0.01649530418217182,0
16,2.488655e-05,0.15,0.020576483570039272,0.022181153297424316,0.019714441150426865,0.016444740816950798,0
